,y_true,y_pred,residual,abs_err,rooms,size
count,1485.0,1485.0,1485.0,1485.0,1485.0,1485.0
mean,58299.71447811448,58424.565557336515,-124.85107922203916,995.2617273793571,2.6316498316498316,72.14181144781145
std,42890.609814779404,42768.12116394491,6387.353023442383,6310.520069868579,1.0956642245382129,34.47620220111842
min,10500.000000000004,10623.553649316427,-191746.32917037053,0.20637361855915515,1.0,15.0
25%,35000.00000000001,34970.194314556786,-232.4187076341259,88.01851754770178,2.0,50.0
50%,46999.99999999999,46870.20804411152,6.4648801825605915,238.06610125501174,2.0,65.0
75%,67999.99999999999,67376.8381806229,240.58501534094103,572.5683052995591,3.0,85.0
max,800000.0000000005,786477.8017650611,52204.832940710825,191746.32917037053,10.0,456.0
