{
  "rmse": 6386.422539242733,
  "r2": 0.9778137752259078,
  "n_train": 5936,
  "n_test": 1485
}